id,name,email,age
id,name,email,age
id,name,email,age
id,name,email,age
id,name,email,age
id,name,email,age
id,name,email,age
id,name,email,age
id,name,email,age
id,name,email,age
id,name,email,age
id,name,email,age
id,name,email,age
id,name,email,age
id,name,email,age
id,name,email,age
id,name,email,age
id,name,email,age
id,name,email,age
id,name,email,age
id,name,email,age
id,name,email,age
id,name,email,age
id,name,email,age
id,name,email,age
id,name,email,age
id,name,email,age
id,name,email,age
id,name,email,age
id,name,email,age
id,name,email,age
id,name,email,age
id,name,email,age
id,name,email,age
id,name,email,age
id,name,email,age
id,name,email,age
id,name,email,age
id,name,email,age
id,name,email,age
id,name,email,age
id,name,email,age
id,name,email,age
id,name,email,age
id,name,email,age
id,name,email,age
id,name,email,age
id,name,email,age
id,name,email,age
id,name,email,age
id,name,email,age
id,name,email,age
id,name,email,age
id,name,email,age
id,name,email,age
id,name,email,age
id,name,email,age
id,name,email,age
id,name,email,age
id,name,email,age
id,name,email,age
id,name,email,age
id,name,email,age
id,name,email,age
id,name,email,age
id,name,email,age
id,name,email,age
id,name,email,age
id,name,email,age
id,name,email,age
id,name,email,age
id,name,email,age
id,name,email,age
id,name,email,age
id,name,email,age
id,name,email,age
id,name,email,age
id,name,email,age
id,name,email,age
id,name,email,age
id,name,email,age
id,name,email,age
id,name,email,age
id,name,email,age
id,name,email,age
id,name,email,age
id,name,email,age
id,name,email,age
id,name,email,age
id,name,email,age
id,name,email,age
id,name,email,age
id,name,email,age
id,name,email,age
id,name,email,age
id,name,email,age
id,name,email,age
id,name,email,age
id,name,email,age
id,name,email,age
